1837290o31.flt, 2015 TG24, 26.7, 0.7458773560619979, 0.4446525748057695, 3.98409622523242, 2457308.7230423, 311.288542, -39.999167, g.MP9402 
1837291o31.flt, 2015 TG24, 26.7, 0.7458778122923612, 0.4446519797465124, 3.984107986167612, 2457308.7243586, 311.242917, -39.991694, g.MP9402 
1837292o31.flt, 2015 TG24, 26.7, 0.7458785372862482, 0.4446510337513902, 3.98412665635038, 2457308.7264517, 311.169917, -39.979694, r.MP9602 
1837293o31.flt, 2015 TG24, 26.7, 0.7458790013268136, 0.4446504280060176, 3.984138594126444, 2457308.7277923, 311.123042, -39.972, r.MP9602 
1837294o31.flt, 2015 TG24, 26.7, 0.7458797408161749, 0.44464946229369, 3.984157598207232, 2457308.7299301, 311.048792, -39.959806, i.MP9703 
1837295o31.flt, 2015 TG24, 26.7, 0.745880208206873, 0.4446488516638753, 3.984169597090113, 2457308.7312822, 311.001583, -39.952056, i.MP9703 
1845926o00.flt, 2015 VH1, 27.4, 1.660739610889993, 0.3909513211063608, 1.137728034628707, 2457332.7257375, 38.719583, 11.311611, g.MP9402 
1845926o01.flt, 2015 VH1, 27.4, 1.660739610889993, 0.3909513211063608, 1.137728034628707, 2457332.7257375, 38.719583, 11.311611, g.MP9402 
1845926o02.flt, 2015 VH1, 27.4, 1.660739610889993, 0.3909513211063608, 1.137728034628707, 2457332.7257375, 38.719583, 11.311611, g.MP9402 
1845926o03.flt, 2015 VH1, 27.4, 1.660739610889993, 0.3909513211063608, 1.137728034628707, 2457332.7257375, 38.719583, 11.311611, g.MP9402 
1845926o04.flt, 2015 VH1, 27.4, 1.660739610889993, 0.3909513211063608, 1.137728034628707, 2457332.7257375, 38.719583, 11.311611, g.MP9402 
1845926o05.flt, 2015 VH1, 27.4, 1.660739610889993, 0.3909513211063608, 1.137728034628707, 2457332.7257375, 38.719583, 11.311611, g.MP9402 
1845926o06.flt, 2015 VH1, 27.4, 1.660739610889993, 0.3909513211063608, 1.137728034628707, 2457332.7257375, 38.719583, 11.311611, g.MP9402 
1845926o07.flt, 2015 VH1, 27.4, 1.660739610889993, 0.3909513211063608, 1.137728034628707, 2457332.7257375, 38.719583, 11.311611, g.MP9402 
1845926o08.flt, 2015 VH1, 27.4, 1.660739610889993, 0.3909513211063608, 1.137728034628707, 2457332.7257375, 38.719583, 11.311611, g.MP9402 
1845926o09.flt, 2015 VH1, 27.4, 1.660739610889993, 0.3909513211063608, 1.137728034628707, 2457332.7257375, 38.719583, 11.311611, g.MP9402 
1845926o10.flt, 2015 VH1, 27.4, 1.660739610889993, 0.3909513211063608, 1.137728034628707, 2457332.7257375, 38.719583, 11.311611, g.MP9402 
1845926o11.flt, 2015 VH1, 27.4, 1.660739610889993, 0.3909513211063608, 1.137728034628707, 2457332.7257375, 38.719583, 11.311611, g.MP9402 
1845926o12.flt, 2015 VH1, 27.4, 1.660739610889993, 0.3909513211063608, 1.137728034628707, 2457332.7257375, 38.719583, 11.311611, g.MP9402 
1845926o13.flt, 2015 VH1, 27.4, 1.660739610889993, 0.3909513211063608, 1.137728034628707, 2457332.7257375, 38.719583, 11.311611, g.MP9402 
1845926o14.flt, 2015 VH1, 27.4, 1.660739610889993, 0.3909513211063608, 1.137728034628707, 2457332.7257375, 38.719583, 11.311611, g.MP9402 
1845926o15.flt, 2015 VH1, 27.4, 1.660739610889993, 0.3909513211063608, 1.137728034628707, 2457332.7257375, 38.719583, 11.311611, g.MP9402 
1845926o16.flt, 2015 VH1, 27.4, 1.660739610889993, 0.3909513211063608, 1.137728034628707, 2457332.7257375, 38.719583, 11.311611, g.MP9402 
1845926o17.flt, 2015 VH1, 27.4, 1.660739610889993, 0.3909513211063608, 1.137728034628707, 2457332.7257375, 38.719583, 11.311611, g.MP9402 
1845926o18.flt, 2015 VH1, 27.4, 1.660739610889993, 0.3909513211063608, 1.137728034628707, 2457332.7257375, 38.719583, 11.311611, g.MP9402 
1845926o19.flt, 2015 VH1, 27.4, 1.660739610889993, 0.3909513211063608, 1.137728034628707, 2457332.7257375, 38.719583, 11.311611, g.MP9402 
1845926o20.flt, 2015 VH1, 27.4, 1.660739610889993, 0.3909513211063608, 1.137728034628707, 2457332.7257375, 38.719583, 11.311611, g.MP9402 
1845926o21.flt, 2015 VH1, 27.4, 1.660739610889993, 0.3909513211063608, 1.137728034628707, 2457332.7257375, 38.719583, 11.311611, g.MP9402 
1845926o22.flt, 2015 VH1, 27.4, 1.660739610889993, 0.3909513211063608, 1.137728034628707, 2457332.7257375, 38.719583, 11.311611, g.MP9402 
1845926o23.flt, 2015 VH1, 27.4, 1.660739610889993, 0.3909513211063608, 1.137728034628707, 2457332.7257375, 38.719583, 11.311611, g.MP9402 
1845926o24.flt, 2015 VH1, 27.4, 1.660739610889993, 0.3909513211063608, 1.137728034628707, 2457332.7257375, 38.719583, 11.311611, g.MP9402 
1845926o25.flt, 2015 VH1, 27.4, 1.660739610889993, 0.3909513211063608, 1.137728034628707, 2457332.7257375, 38.719583, 11.311611, g.MP9402 
1845926o26.flt, 2015 VH1, 27.4, 1.660739610889993, 0.3909513211063608, 1.137728034628707, 2457332.7257375, 38.719583, 11.311611, g.MP9402 
1845926o27.flt, 2015 VH1, 27.4, 1.660739610889993, 0.3909513211063608, 1.137728034628707, 2457332.7257375, 38.719583, 11.311611, g.MP9402 
1845926o28.flt, 2015 VH1, 27.4, 1.660739610889993, 0.3909513211063608, 1.137728034628707, 2457332.7257375, 38.719583, 11.311611, g.MP9402 
1845926o29.flt, 2015 VH1, 27.4, 1.660739610889993, 0.3909513211063608, 1.137728034628707, 2457332.7257375, 38.719583, 11.311611, g.MP9402 
1845926o30.flt, 2015 VH1, 27.4, 1.660739610889993, 0.3909513211063608, 1.137728034628707, 2457332.7257375, 38.719583, 11.311611, g.MP9402 
1845926o31.flt, 2015 VH1, 27.4, 1.660739610889993, 0.3909513211063608, 1.137728034628707, 2457332.7257375, 38.719583, 11.311611, g.MP9402 
1845926o32.flt, 2015 VH1, 27.4, 1.660739610889993, 0.3909513211063608, 1.137728034628707, 2457332.7257375, 38.719583, 11.311611, g.MP9402 
1845926o33.flt, 2015 VH1, 27.4, 1.660739610889993, 0.3909513211063608, 1.137728034628707, 2457332.7257375, 38.719583, 11.311611, g.MP9402 
1845926o34.flt, 2015 VH1, 27.4, 1.660739610889993, 0.3909513211063608, 1.137728034628707, 2457332.7257375, 38.719583, 11.311611, g.MP9402 
1845926o35.flt, 2015 VH1, 27.4, 1.660739610889993, 0.3909513211063608, 1.137728034628707, 2457332.7257375, 38.719583, 11.311611, g.MP9402 
1845926o36.flt, 2015 VH1, 27.4, 1.660739610889993, 0.3909513211063608, 1.137728034628707, 2457332.7257375, 38.719583, 11.311611, g.MP9402 
1845927o31.flt, 2015 VH1, 27.4, 1.660739639302391, 0.3909513235531518, 1.137727529101455, 2457332.7270788, 38.729375, 11.320556, g.MP9402 
1845928o31.flt, 2015 VH1, 27.4, 1.660739767362099, 0.3909513340173688, 1.137725214773358, 2457332.7332164, 38.7745, 11.361778, r.MP9602 
1845929o31.flt, 2015 VH1, 27.4, 1.660739794618561, 0.3909513361211777, 1.137724714346523, 2457332.7345428998, 38.784208, 11.370639, r.MP9602 
1845930o31.flt, 2015 VH1, 27.4, 1.660739916555774, 0.3909513449727272, 1.137722439992301, 2457332.7405688, 38.828458, 11.410972, i.MP9703 
1845931o31.flt, 2015 VH1, 27.4, 1.660739943244636, 0.390951346783478, 1.137721934151074, 2457332.7419084, 38.838375, 11.419972, i.MP9703 
1846208o22.flt, 2015 VH1, 27.4, 1.660699667151767, 0.3909282752736076, 1.137194799446563, 2457334.0602206, 48.145042, 12.683167, g.MP9402 
1846209o22.flt, 2015 VH1, 27.4, 1.660699569434893, 0.3909282309371083, 1.13719426075564, 2457334.0615246, 48.153292, 12.689972, g.MP9402 
1846210o22.flt, 2015 VH1, 27.4, 1.660699244410666, 0.3909280835246888, 1.137192472742543, 2457334.0658526, 48.180833, 12.712778, r.MP9602 
1846211o22.flt, 2015 VH1, 27.4, 1.660699144894217, 0.3909280384077138, 1.137191926438488, 2457334.0671749, 48.189208, 12.719722, r.MP9602 
1846212o22.flt, 2015 VH1, 27.4, 1.660698811819391, 0.3909278874650992, 1.13719010189269, 2457334.0715909, 48.217417, 12.743, i.MP9703 
1846213o22.flt, 2015 VH1, 27.4, 1.660698712654805, 0.3909278425437531, 1.137189559832648, 2457334.0729028, 48.225708, 12.749861, i.MP9703 
1846597o22.flt, 2015 VH65, 27.7, 0.8508801055845368, 0.2286853086835651, 13.43257439380101, 2457336.9798747, 37.784333, 11.558694, g.MP9402 
1846597o31.flt, 2015 VH65, 27.7, 0.8508801055845368, 0.2286853086835651, 13.43257439380101, 2457336.9798747, 37.784333, 11.558694, g.MP9402 
1846598o22.flt, 2015 VH65, 27.7, 0.85088020682966, 0.2286853837681819, 13.43257271138171, 2457336.9812826, 37.77575, 11.542583, g.MP9402 
1846598o31.flt, 2015 VH65, 27.7, 0.85088020682966, 0.2286853837681819, 13.43257271138171, 2457336.9812826, 37.77575, 11.542583, g.MP9402 
1846599o22.flt, 2015 VH65, 27.7, 0.8508804770877437, 0.2286855835779602, 13.4325681915106, 2457336.9850347, 37.752917, 11.499806, r.MP9602 
1846599o31.flt, 2015 VH65, 27.7, 0.8508804770877437, 0.2286855835779602, 13.4325681915106, 2457336.9850347, 37.752917, 11.499806, r.MP9602 
1846600o22.flt, 2015 VH65, 27.7, 0.850880578342885, 0.2286856582084491, 13.43256648729048, 2457336.9864382, 37.744458, 11.483833, r.MP9602 
1846600o31.flt, 2015 VH65, 27.7, 0.850880578342885, 0.2286856582084491, 13.43256648729048, 2457336.9864382, 37.744458, 11.483833, r.MP9602 
1846601o22.flt, 2015 VH65, 27.7, 0.8508808947633861, 0.2286858906214465, 13.43256112385117, 2457336.9908162, 37.71775, 11.433806, i.MP9703 
1846601o31.flt, 2015 VH65, 27.7, 0.8508808947633861, 0.2286858906214465, 13.43256112385117, 2457336.9908162, 37.71775, 11.433806, i.MP9703 
1846602o22.flt, 2015 VH65, 27.7, 0.8508809910025387, 0.228685961068377, 13.43255948124694, 2457336.9921454, 37.70975, 11.41875, i.MP9703 
1846602o31.flt, 2015 VH65, 27.7, 0.8508809910025387, 0.228685961068377, 13.43255948124694, 2457336.9921454, 37.70975, 11.41875, i.MP9703 
1846763o22.flt, 2015 VR64, 27.4, 1.489248971795481, 0.3794392981124777, 1.530454893855309, 2457340.0277243, 122.16375, -27.830278, g.MP9402 
1846764o22.flt, 2015 VR64, 27.4, 1.489245493812176, 0.3794380644366838, 1.530419887651822, 2457340.0290776, 122.205125, -27.831083, g.MP9402 
1846765o22.flt, 2015 VR64, 27.4, 1.489242017006854, 0.3794368309121816, 1.530384914245206, 2457340.0304305, 122.246417, -27.831889, g.MP9402 
1846766o22.flt, 2015 VR64, 27.4, 1.489238498982536, 0.3794355824928214, 1.53034954749722, 2457340.0317995, 122.288208, -27.832722, g.MP9402 
1846767o22.flt, 2015 VR64, 27.4, 1.489235097267039, 0.3794343750884535, 1.530315370336158, 2457340.0331233, 122.328417, -27.8335, g.MP9402 
1846768o22.flt, 2015 VR64, 27.4, 1.489231663076854, 0.3794331558997613, 1.530280887153122, 2457340.0344598, 122.369417, -27.834306, g.MP9402 
1846769o22.flt, 2015 VR64, 27.4, 1.489218917593248, 0.3794286288044703, 1.530153085451573, 2457340.0394206, 122.520708, -27.83725, r.MP9602 
1846770o22.flt, 2015 VR64, 27.4, 1.489215497586859, 0.3794274134411128, 1.530118839780917, 2457340.0407519, 122.561333, -27.838056, r.MP9602 
1852192o13.flt, 2015 XA169, 27.4, 1.600320838098164, 0.4139051300634961, 12.17730834511952, 2457368.0017035, 94.950833, 39.766778, g.MP9402 
1852193o13.flt, 2015 XA169, 27.4, 1.600320726404507, 0.4139051463827143, 12.17730652341352, 2457368.0029964, 94.963708, 39.779972, g.MP9402 
1852194o13.flt, 2015 XA169, 27.4, 1.600320530849933, 0.4139051746923927, 12.17730333696764, 2457368.0052534, 94.986083, 39.802833, r.MP9602 
1852195o13.flt, 2015 XA169, 27.4, 1.600320418039344, 0.4139051908727995, 12.17730150052151, 2457368.0065516, 94.998958, 39.815944, r.MP9602 
1852196o13.flt, 2015 XA169, 27.4, 1.600320219066974, 0.4139052191447977, 12.17729826451549, 2457368.0088346, 95.021583, 39.839083, i.MP9703 
1852197o13.flt, 2015 XA169, 27.4, 1.60032010280826, 0.4139052355076334, 12.17729637553175, 2457368.0101646, 95.03475, 39.852528, i.MP9703 
1852353o22.flt, 2015 XD169, 26.9, 1.084387168027833, 0.1218071891295551, 3.789221363595942, 2457368.8489841, 53.736792, -23.2165, g.MP9402 
1852354o22.flt, 2015 XD169, 26.9, 1.084387361851715, 0.1218071900929594, 3.789212713429576, 2457368.8503284, 53.742083, -23.211056, g.MP9402 
1852355o22.flt, 2015 XD169, 26.9, 1.084387550419518, 0.1218071909943994, 3.789204295968933, 2457368.8516369, 53.747333, -23.205722, g.MP9402 
1852356o22.flt, 2015 XD169, 26.9, 1.084387739383806, 0.1218071918622544, 3.78919585896062, 2457368.8529488, 53.7525, -23.200361, g.MP9402 
1852357o22.flt, 2015 XD169, 26.9, 1.08438808188506, 0.1218071933446484, 3.789180562005839, 2457368.8553283, 53.761917, -23.190694, r.MP9602 
1852358o22.flt, 2015 XD169, 26.9, 1.084388271880505, 0.1218071941165731, 3.789172073712189, 2457368.8566492, 53.767208, -23.18525, r.MP9602 
1852359o22.flt, 2015 XD169, 26.9, 1.08438846691241, 0.1218071948715184, 3.789163358457313, 2457368.8580058, 53.772542, -23.179694, r.MP9602 
1852360o22.flt, 2015 XD169, 26.9, 1.084388665608318, 0.1218071956016122, 3.789154477438005, 2457368.8593886, 53.778042, -23.174111, r.MP9602 
1852361o22.flt, 2015 XD169, 26.9, 1.084389003704635, 0.1218071967532916, 3.789139360981535, 2457368.8617432, 53.787458, -23.164528, i.MP9703 
1852362o22.flt, 2015 XD169, 26.9, 1.084389199782267, 0.1218071973688534, 3.789130591525012, 2457368.8631097, 53.792792, -23.158972, i.MP9703 
1852363o22.flt, 2015 XD169, 26.9, 1.084389395414813, 0.1218071979446846, 3.789121839977983, 2457368.8644738, 53.798208, -23.153417, i.MP9703 
1852364o22.flt, 2015 XD169, 26.9, 1.084389588424477, 0.1218071984752458, 3.789113203808863, 2457368.8658203, 53.803542, -23.147917, i.MP9703 
1851142o13.flt, 2015 XN55, 27.2, 1.21306369048367, 0.2549460562200097, 3.180038428765362, 2457363.9695597, 66.531792, 17.842444, g.MP9402 
1851143o13.flt, 2015 XN55, 27.2, 1.213063774930249, 0.254946147647777, 3.180038690987556, 2457363.9708866, 66.531208, 17.848278, g.MP9402 
1851144o13.flt, 2015 XN55, 27.2, 1.213063917858054, 0.2549463023852311, 3.180039134406622, 2457363.9731313, 66.53025, 17.858111, r.MP9602 
1851145o13.flt, 2015 XN55, 27.2, 1.213064005229912, 0.254946396972519, 3.180039405222538, 2457363.9745028, 66.529667, 17.864194, r.MP9602 
1851146o13.flt, 2015 XN55, 27.2, 1.213064150462191, 0.2549465541921122, 3.180039854967732, 2457363.9767814, 66.528708, 17.874222, i.MP9703 
1851147o13.flt, 2015 XN55, 27.2, 1.213064235556049, 0.2549466463058153, 3.180040118240524, 2457363.9781158, 66.528125, 17.880083, i.MP9703 
1852341o04.flt, 2015 XR169, 28.7, 1.201345048843926, 0.3439111440582587, 0.0354927502949343, 2457368.8303129, 48.284458, 18.456528, r.MP9602 
1852342o04.flt, 2015 XR169, 28.7, 1.2013473319768, 0.343912389588137, 0.03549348047001103, 2457368.8316039, 48.261792, 18.44575, r.MP9602 
1852343o04.flt, 2015 XR169, 28.7, 1.201349649002895, 0.3439136532088655, 0.03549422169229736, 2457368.8329115, 48.23875, 18.434833, r.MP9602 
1852344o04.flt, 2015 XR169, 28.7, 1.201351964387799, 0.3439149155334305, 0.03549496259839054, 2457368.8342156, 48.215708, 18.423972, r.MP9602 
1852345o04.flt, 2015 XR169, 28.7, 1.201356271515067, 0.3439172626708848, 0.0354963414019832, 2457368.8366347, 48.173, 18.403833, i.MP9703 
1852346o04.flt, 2015 XR169, 28.7, 1.201358604790971, 0.3439185335949195, 0.03549708863441191, 2457368.8379415, 48.149917, 18.392944, i.MP9703 
1852347o04.flt, 2015 XR169, 28.7, 1.201360942686679, 0.3439198066288903, 0.03549783755814333, 2457368.8392483, 48.126917, 18.381917, i.MP9703 
1852348o04.flt, 2015 XR169, 28.7, 1.201363288801406, 0.343921083729807, 0.03549858932768668, 2457368.8405571, 48.103792, 18.371083, i.MP9703 
1852349o04.flt, 2015 XR169, 28.7, 1.20136765062378, 0.3439234569896374, 0.03549998756005575, 2457368.8429835, 48.061333, 18.350972, g.MP9402 
1852350o04.flt, 2015 XR169, 28.7, 1.201370074667849, 0.3439247752982548, 0.03550076493318196, 2457368.8443281, 48.037625, 18.339778, g.MP9402 
1852351o04.flt, 2015 XR169, 28.7, 1.201372525366462, 0.3439261076609501, 0.03550155108480001, 2457368.8456847, 48.013542, 18.328361, g.MP9402 
1852352o04.flt, 2015 XR169, 28.7, 1.20137488145892, 0.3439273881710566, 0.03550230710638008, 2457368.8469863, 47.990667, 18.317583, g.MP9402 
1850983o13.flt, 2015 XV1, 26.9, 2.345625835551146, 0.6156858637735966, 5.247479584442739, 2457363.0784792, 79.852292, 13.7125, g.MP9402 
1850984o13.flt, 2015 XV1, 26.9, 2.34562608451728, 0.6156859280439154, 5.247478819278938, 2457363.0797824, 79.863375, 13.708722, g.MP9402 
1850985o13.flt, 2015 XV1, 26.9, 2.345626516829254, 0.6156860397096001, 5.247477487124382, 2457363.082047, 79.882625, 13.702222, r.MP9602 
1850986o13.flt, 2015 XV1, 26.9, 2.345626768284472, 0.6156861046982091, 5.247476710220834, 2457363.0833652, 79.893792, 13.698278, r.MP9602 
1850987o13.flt, 2015 XV1, 26.9, 2.345627199450089, 0.6156862161983812, 5.247475374546972, 2457363.0856272, 79.912958, 13.691833, i.MP9703 
1850988o13.flt, 2015 XV1, 26.9, 2.34562744934453, 0.6156862808594948, 5.247474598368025, 2457363.0869392, 79.924042, 13.688083, i.MP9703 
1851148o22.flt, 2015 XV1, 26.9, 2.345736674818055, 0.6157242684357067, 5.246616116800028, 2457363.9797029, 89.535667, 7.496667, i.MP9703 
1851149o22.flt, 2015 XV1, 26.9, 2.345736692836346, 0.6157243095451597, 5.246614124143278, 2457363.9810898, 89.551958, 7.490806, i.MP9703 
1851150o22.flt, 2015 XV1, 26.9, 2.345736722821715, 0.6157243815638351, 5.246610616546777, 2457363.9835268, 89.580417, 7.480528, g.MP9402 
1851151o22.flt, 2015 XV1, 26.9, 2.345736738234518, 0.6157244206246753, 5.246608705138149, 2457363.9848525, 89.596, 7.474917, g.MP9402 
1851152o22.flt, 2015 XV1, 26.9, 2.34573676367377, 0.6157244887690696, 5.24660535522804, 2457363.987172, 89.623125, 7.465167, r.MP9602 
1851153o22.flt, 2015 XV1, 26.9, 2.345736777851434, 0.6157245290954869, 5.246603363553581, 2457363.9885486998, 89.639208, 7.459389, r.MP9602 
1852596o13.flt, 2015 XY261, 27.2, 1.51058680685658, 0.468875210552702, 1.215743596186725, 2457369.9168546, 73.282458, 11.93125, g.MP9402 
1852597o13.flt, 2015 XY261, 27.2, 1.510587582015772, 0.4688755743171895, 1.215746529531716, 2457369.9182197, 73.283375, 11.916556, g.MP9402 
1852598o13.flt, 2015 XY261, 27.2, 1.510588869341597, 0.4688761784331906, 1.215751403927515, 2457369.9204831, 73.285042, 11.89225, r.MP9602 
1852599o13.flt, 2015 XY261, 27.2, 1.510589655899032, 0.4688765475508241, 1.215754383981638, 2457369.9218638, 73.286, 11.877556, r.MP9602 
1852600o13.flt, 2015 XY261, 27.2, 1.510590937925903, 0.4688771491870758, 1.215759244152235, 2457369.9241106, 73.287625, 11.853444, i.MP9703 
1852601o13.flt, 2015 XY261, 27.2, 1.510591701638756, 0.4688775075882938, 1.215762141110107, 2457369.9254469, 73.288583, 11.839194, i.MP9703 
1853340o13.flt, 2015 YA, 27.4, 0.9978078394034084, 0.2802031130779226, 1.638895027421888, 2457373.9340735, 82.956375, 0.065444, g.MP9402 
1853341o13.flt, 2015 YA, 27.4, 0.997807609100223, 0.2802026861109058, 1.638883725973974, 2457373.9354251, 82.949833, 0.065583, g.MP9402 
1853342o13.flt, 2015 YA, 27.4, 0.9978072267984837, 0.2802019769068687, 1.638864966105709, 2457373.9376731, 82.938833, 0.065806, r.MP9602 
1853343o13.flt, 2015 YA, 27.4, 0.9978069984038219, 0.2802015529507951, 1.638853758858827, 2457373.9390187, 82.93225, 0.065944, r.MP9602 
1853344o13.flt, 2015 YA, 27.4, 0.997806612315454, 0.2802008358277759, 1.638834814095478, 2457373.9412978, 82.921125, 0.066167, i.MP9703 
1853345o13.flt, 2015 YA, 27.4, 0.9978063829171624, 0.2802004094742, 1.638823558145835, 2457373.9426546, 82.914542, 0.066306, i.MP9703 
1860779o03.flt, 2016 AN9, 26.8, 1.94234058198367, 0.4995554826079316, 8.043251766727051, 2457393.8548026, 90.976083, 62.326806, g.MP9402 
1860780o03.flt, 2016 AN9, 26.8, 1.942340981421129, 0.4995556094043283, 8.04324537126077, 2457393.8564211, 90.985917, 62.339278, g.MP9402 
1890617o23.flt, 2016 BA15, 26.8, 1.542508385918962, 0.5506165259798105, 1.511720104197328, 2457418.9045965, 125.596125, 57.193417, g.MP9402 
1890618o23.flt, 2016 BA15, 26.8, 1.54250999280738, 0.5506170395547588, 1.511703587338381, 2457418.9058641, 125.596625, 57.255028, g.MP9402 
1890619o23.flt, 2016 BA15, 26.8, 1.542512688182039, 0.5506179007805712, 1.511675846269507, 2457418.9079863, 125.597458, 57.357528, r.MP9602 
1890620o23.flt, 2016 BA15, 26.8, 1.542514305292124, 0.5506184173359888, 1.511659181210443, 2457418.9092571, 125.597958, 57.419139, r.MP9602 
1890621o23.flt, 2016 BA15, 26.8, 1.542517069062963, 0.5506192999215571, 1.511630661764694, 2457418.9114248, 125.598833, 57.523889, i.MP9703 
1890622o23.flt, 2016 BA15, 26.8, 1.542518688863534, 0.5506198170443212, 1.511613924969726, 2457418.9126928, 125.599292, 57.585528, i.MP9703 
1893270o22.flt, 2016 CD137, 26.1, 1.081961932361475, 0.2333040499827262, 4.62649118078318, 2457429.9505878, 148.476708, 21.703556, g.MP9402 
1893271o22.flt, 2016 CD137, 26.1, 1.081961953776943, 0.233304095873723, 4.62649080935928, 2457429.9518558, 148.476792, 21.712694, g.MP9402 
1893272o22.flt, 2016 CD137, 26.1, 1.081961990157163, 0.2333041738181972, 4.626490178109128, 2457429.9540087, 148.476833, 21.728167, r.MP9602 
1893273o22.flt, 2016 CD137, 26.1, 1.081962011636243, 0.23330421982856, 4.626489805249203, 2457429.9552791, 148.476917, 21.737333, r.MP9602 
1893274o22.flt, 2016 CD137, 26.1, 1.08196204857343, 0.2333042989370517, 4.626489163759854, 2457429.9574626, 148.477, 21.753, i.MP9703 
1893275o22.flt, 2016 CD137, 26.1, 1.081962070030114, 0.2333043448823683, 4.62648879095328, 2457429.9587303, 148.477042, 21.762083, i.MP9703 
1893252o22.flt, 2016 CD31, 26.9, 1.043648888969489, 0.4547215117482334, 0.465230993945598, 2457429.8775964, 116.966958, -21.112889, g.MP9402 
1893253o22.flt, 2016 CD31, 26.9, 1.043649460021287, 0.45472178284872, 0.4652250059883862, 2457429.8788645, 116.932417, -21.1275, g.MP9402 
1893254o22.flt, 2016 CD31, 26.9, 1.043650405830513, 0.4547222312692966, 0.4652150855139742, 2457429.880961, 116.875042, -21.151722, r.MP9602 
1893255o22.flt, 2016 CD31, 26.9, 1.043650978863945, 0.4547225025932046, 0.4652090732991075, 2457429.8822289, 116.840208, -21.166472, r.MP9602 
1893256o22.flt, 2016 CD31, 26.9, 1.043651963142959, 0.4547229680052847, 0.465198743275978, 2457429.8844027, 116.780583, -21.191639, i.MP9703 
1893257o22.flt, 2016 CD31, 26.9, 1.043652538119299, 0.4547232395114119, 0.4651927071055941, 2457429.8856702, 116.746083, -21.20625, i.MP9703 
1893849o04.flt, 2016 CE194, 26.1, 1.95188715641242, 0.5158381781072057, 1.846626703224196, 2457431.9547238, 140.923375, 19.053944, g.MP9402 
1893849o13.flt, 2016 CE194, 26.1, 1.95188715641242, 0.5158381781072057, 1.846626703224196, 2457431.9547238, 140.923375, 19.053944, g.MP9402 
1893849o22.flt, 2016 CE194, 26.1, 1.95188715641242, 0.5158381781072057, 1.846626703224196, 2457431.9547238, 140.923375, 19.053944, g.MP9402 
1893850o04.flt, 2016 CE194, 26.1, 1.951887115562065, 0.515838158178847, 1.846626577650982, 2457431.9559922, 140.928542, 19.048472, g.MP9402 
1893850o13.flt, 2016 CE194, 26.1, 1.951887115562065, 0.515838158178847, 1.846626577650982, 2457431.9559922, 140.928542, 19.048472, g.MP9402 
1893850o22.flt, 2016 CE194, 26.1, 1.951887115562065, 0.515838158178847, 1.846626577650982, 2457431.9559922, 140.928542, 19.048472, g.MP9402 
1893851o04.flt, 2016 CE194, 26.1, 1.951887047531593, 0.5158381250042476, 1.846626368662988, 2457431.9581036, 140.937167, 19.039417, r.MP9602 
1893851o13.flt, 2016 CE194, 26.1, 1.951887047531593, 0.5158381250042476, 1.846626368662988, 2457431.9581036, 140.937167, 19.039417, r.MP9602 
1893851o22.flt, 2016 CE194, 26.1, 1.951887047531593, 0.5158381250042476, 1.846626368662988, 2457431.9581036, 140.937167, 19.039417, r.MP9602 
1893852o04.flt, 2016 CE194, 26.1, 1.951887006673905, 0.5158381050882109, 1.8466262432308, 2457431.9593711, 140.942292, 19.034, r.MP9602 
1893852o13.flt, 2016 CE194, 26.1, 1.951887006673905, 0.5158381050882109, 1.8466262432308, 2457431.9593711, 140.942292, 19.034, r.MP9602 
1893852o22.flt, 2016 CE194, 26.1, 1.951887006673905, 0.5158381050882109, 1.8466262432308, 2457431.9593711, 140.942292, 19.034, r.MP9602 
1893853o04.flt, 2016 CE194, 26.1, 1.951886937160466, 0.515838071217623, 1.84662602996667, 2457431.9615266, 140.951125, 19.024722, i.MP9703 
1893853o13.flt, 2016 CE194, 26.1, 1.951886937160466, 0.515838071217623, 1.84662602996667, 2457431.9615266, 140.951125, 19.024722, i.MP9703 
1893853o22.flt, 2016 CE194, 26.1, 1.951886937160466, 0.515838071217623, 1.84662602996667, 2457431.9615266, 140.951125, 19.024722, i.MP9703 
1893854o04.flt, 2016 CE194, 26.1, 1.951886896246771, 0.5158380512903511, 1.84662590452781, 2457431.9627947, 140.956292, 19.019306, i.MP9703 
1893854o13.flt, 2016 CE194, 26.1, 1.951886896246771, 0.5158380512903511, 1.84662590452781, 2457431.9627947, 140.956292, 19.019306, i.MP9703 
1893854o22.flt, 2016 CE194, 26.1, 1.951886896246771, 0.5158380512903511, 1.84662590452781, 2457431.9627947, 140.956292, 19.019306, i.MP9703 
1891529o22.flt, 2016 CE, 28.5, 0.8450986087023926, 0.2904585093926406, 5.772887579364818, 2457422.8626815, 107.322917, 48.8935, g.MP9402 
1891530o22.flt, 2016 CE, 28.5, 0.8451006965599842, 0.2904581188084235, 5.772945447207227, 2457422.8639558, 107.236333, 48.905194, g.MP9402 
1891531o22.flt, 2016 CE, 28.5, 0.845104220106754, 0.290457454177066, 5.773042909381455, 2457422.8660999, 107.09075, 48.924861, r.MP9602 
1891532o22.flt, 2016 CE, 28.5, 0.8451063141133112, 0.2904570559536796, 5.773100712907683, 2457422.8673703, 107.004125, 48.936556, r.MP9602 
1891533o22.flt, 2016 CE, 28.5, 0.845109902745133, 0.2904563679015643, 5.773199572191918, 2457422.8695409, 106.856958, 48.956444, i.MP9703 
1891534o22.flt, 2016 CE, 28.5, 0.8451120119192337, 0.2904559602249552, 5.773257556764191, 2457422.8708128, 106.770375, 48.968139, i.MP9703 
1891851o13.flt, 2016 CG18, 28.5, 1.056882829577947, 0.1218471870321513, 5.311909094818456, 2457424.0723509, 184.595958, 48.676056, g.MP9402 
1891852o13.flt, 2016 CG18, 28.5, 1.056879978530284, 0.1218504494958338, 5.312252614399585, 2457424.0736213, 184.62125, 48.646, g.MP9402 
1891853o13.flt, 2016 CG18, 28.5, 1.056875166184929, 0.1218559243961625, 5.312830303659937, 2457424.0757512, 184.663458, 48.595722, r.MP9602 
1891854o13.flt, 2016 CG18, 28.5, 1.056872273859956, 0.1218591958662212, 5.313176224886909, 2457424.0770227, 184.688708, 48.565694, r.MP9602 
1891855o13.flt, 2016 CG18, 28.5, 1.056867261494209, 0.1218648318106129, 5.313773449990393, 2457424.0792111, 184.732125, 48.514056, i.MP9703 
1891856o13.flt, 2016 CG18, 28.5, 1.056864329141763, 0.1218681094955198, 5.314121530275098, 2457424.0804826, 184.757333, 48.484, i.MP9703 
1894001o04.flt, 2016 CK31, 27.1, 1.318028130711173, 0.2891657401517237, 6.875265151433441, 2457432.9907719, 158.412375, 65.902056, g.MP9402 
1894001o13.flt, 2016 CK31, 27.1, 1.318028130711173, 0.2891657401517237, 6.875265151433441, 2457432.9907719, 158.412375, 65.902056, g.MP9402 
1894002o04.flt, 2016 CK31, 27.1, 1.318027714081375, 0.2891655191274427, 6.8752621307591, 2457432.992043, 158.450375, 65.910806, g.MP9402 
1894002o13.flt, 2016 CK31, 27.1, 1.318027714081375, 0.2891655191274427, 6.8752621307591, 2457432.992043, 158.450375, 65.910806, g.MP9402 
1894003o04.flt, 2016 CK31, 27.1, 1.318027016273394, 0.2891651489249647, 6.875257071008789, 2457432.9941733, 158.513958, 65.925444, r.MP9602 
1894003o13.flt, 2016 CK31, 27.1, 1.318027016273394, 0.2891651489249647, 6.875257071008789, 2457432.9941733, 158.513958, 65.925444, r.MP9602 
1894004o04.flt, 2016 CK31, 27.1, 1.318026600531579, 0.2891649283578231, 6.875254056223438, 2457432.9954433, 158.551958, 65.934194, r.MP9602 
1894004o13.flt, 2016 CK31, 27.1, 1.318026600531579, 0.2891649283578231, 6.875254056223438, 2457432.9954433, 158.551958, 65.934194, r.MP9602 
1894005o04.flt, 2016 CK31, 27.1, 1.318025886340644, 0.2891645494397134, 6.875248876731826, 2457432.9976264, 158.616917, 65.949139, i.MP9703 
1894005o13.flt, 2016 CK31, 27.1, 1.318025886340644, 0.2891645494397134, 6.875248876731826, 2457432.9976264, 158.616917, 65.949139, i.MP9703 
1894006o04.flt, 2016 CK31, 27.1, 1.318025470741061, 0.2891643289338965, 6.875245862421209, 2457432.9988976, 158.654875, 65.957889, i.MP9703 
1894006o13.flt, 2016 CK31, 27.1, 1.318025470741061, 0.2891643289338965, 6.875245862421209, 2457432.9988976, 158.654875, 65.957889, i.MP9703 
1893340o13.flt, 2016 CW30, 26.7, 1.474437702547119, 0.456248347475845, 0.9744690540627305, 2457430.0639999, 197.311625, 57.507694, g.MP9402 
1893341o13.flt, 2016 CW30, 26.7, 1.474437754239092, 0.4562484539254449, 0.9744782861710531, 2457430.0652704, 197.363417, 57.509361, g.MP9402 
1893342o13.flt, 2016 CW30, 26.7, 1.474437839673295, 0.4562486314518719, 0.9744937253775187, 2457430.0673924, 197.449583, 57.512111, r.MP9602 
1893343o13.flt, 2016 CW30, 26.7, 1.474437890295438, 0.4562487376066457, 0.974502983220948, 2457430.0686632, 197.501333, 57.513778, r.MP9602 
1893344o13.flt, 2016 CW30, 26.7, 1.474437976805361, 0.4562489207458995, 0.9745190005524982, 2457430.070859, 197.590292, 57.516639, i.MP9703 
1893345o13.flt, 2016 CW30, 26.7, 1.474438026323205, 0.4562490265875763, 0.974528283955866, 2457430.07213, 197.642083, 57.51825, i.MP9703 
1910100o13.flt, 2016 EL157, 27.1, 1.952171283635358, 0.5291648663285693, 7.193445510521088, 2457463.9247533, 171.991083, -6.070194, g.MP9402 
1910101o13.flt, 2016 EL157, 27.1, 1.95217146333231, 0.5291649660862051, 7.193445815338852, 2457463.9260216, 171.996667, -6.061528, g.MP9402 
1910102o13.flt, 2016 EL157, 27.1, 1.952171761998416, 0.529165132229414, 7.193446320579988, 2457463.9281349, 172.005875, -6.047167, r.MP9602 
1910103o13.flt, 2016 EL157, 27.1, 1.952171940691152, 0.5291652318386634, 7.193446622033863, 2457463.9294025, 172.0115, -6.0385, r.MP9602 
1910104o13.flt, 2016 EL157, 27.1, 1.952172249761061, 0.5291654044915777, 7.193447141943967, 2457463.9316007, 172.021125, -6.023528, i.MP9703 
1910105o13.flt, 2016 EL157, 27.1, 1.952172427561226, 0.52916550402737, 7.193447440171579, 2457463.9328686, 172.026667, -6.014944, i.MP9703 
1910106o13.flt, 2016 EN156, 27.8, 1.306306946368509, 0.303326773261293, 3.753440837765672, 2457463.9353274, 172.037917, -6.086222, g.MP9402 
1910107o13.flt, 2016 EN156, 27.8, 1.306307260213508, 0.3033271084054213, 3.753443670371043, 2457463.9366841, 172.043958, -6.077889, g.MP9402 
1910108o13.flt, 2016 EN156, 27.8, 1.306307781977967, 0.3033276657690715, 3.753448379977876, 2457463.9389383, 172.053875, -6.064222, r.MP9602 
1910109o13.flt, 2016 EN156, 27.8, 1.306308075684707, 0.3033279796192979, 3.753451031300215, 2457463.9402065, 172.0595, -6.056472, r.MP9602 
1910110o13.flt, 2016 EN156, 27.8, 1.306308598337552, 0.3033285383038221, 3.753455749763321, 2457463.942462, 172.0695, -6.04275, i.MP9703 
1910111o13.flt, 2016 EN156, 27.8, 1.306308908004901, 0.3033288694323257, 3.753458545666704, 2457463.9437976, 172.075375, -6.034667, i.MP9703 
1909604o04.flt, 2016 EU84, 29.0, 0.9150368596397893, 0.1026975531249827, 3.354257904182997, 2457459.8700624, 144.423083, 30.531833, g.MP9402 
1909604o13.flt, 2016 EU84, 29.0, 0.9150368596397893, 0.1026975531249827, 3.354257904182997, 2457459.8700624, 144.423083, 30.531833, g.MP9402 
1909605o04.flt, 2016 EU84, 29.0, 0.9150379890689406, 0.1026958132188271, 3.354232321734039, 2457459.8713336, 144.417167, 30.53375, g.MP9402 
1909605o13.flt, 2016 EU84, 29.0, 0.9150379890689406, 0.1026958132188271, 3.354232321734039, 2457459.8713336, 144.417167, 30.53375, g.MP9402 
1909606o04.flt, 2016 EU84, 29.0, 0.9150399193428733, 0.1026928399313747, 3.354188584075155, 2457459.8735071, 144.407125, 30.537, r.MP9602 
1909606o13.flt, 2016 EU84, 29.0, 0.9150399193428733, 0.1026928399313747, 3.354188584075155, 2457459.8735071, 144.407125, 30.537, r.MP9602 
1909607o04.flt, 2016 EU84, 29.0, 0.9150410478944889, 0.1026911017682547, 3.354163003441705, 2457459.8747784, 144.40125, 30.538917, r.MP9602 
1909607o13.flt, 2016 EU84, 29.0, 0.9150410478944889, 0.1026911017682547, 3.354163003441705, 2457459.8747784, 144.40125, 30.538917, r.MP9602 
1909608o04.flt, 2016 EU84, 29.0, 0.9150429915970307, 0.1026881084708666, 3.354118930355042, 2457459.8769689, 144.391125, 30.542194, i.MP9703 
1909608o13.flt, 2016 EU84, 29.0, 0.9150429915970307, 0.1026881084708666, 3.354118930355042, 2457459.8769689, 144.391125, 30.542194, i.MP9703 
1909609o04.flt, 2016 EU84, 29.0, 0.9150441193551369, 0.1026863719219871, 3.354093349607019, 2457459.8782404, 144.385208, 30.544111, i.MP9703 
1909609o13.flt, 2016 EU84, 29.0, 0.9150441193551369, 0.1026863719219871, 3.354093349607019, 2457459.8782404, 144.385208, 30.544111, i.MP9703 
1909610o13.flt, 2016 EV84, 26.7, 0.8654539368991365, 0.1787135018009897, 13.61696201696382, 2457459.8810842, 155.430583, 6.038222, g.MP9402 
1909610o22.flt, 2016 EV84, 26.7, 0.8654539368991365, 0.1787135018009897, 13.61696201696382, 2457459.8810842, 155.430583, 6.038222, g.MP9402 
1909611o13.flt, 2016 EV84, 26.7, 0.8654539890594043, 0.1787133711181392, 13.61696044383025, 2457459.8823538, 155.417667, 6.03625, g.MP9402 
1909611o22.flt, 2016 EV84, 26.7, 0.8654539890594043, 0.1787133711181392, 13.61696044383025, 2457459.8823538, 155.417667, 6.03625, g.MP9402 
1909612o13.flt, 2016 EV84, 26.7, 0.8654540775278605, 0.1787131495445837, 13.6169577699883, 2457459.8845066, 155.39575, 6.032889, r.MP9602 
1909612o22.flt, 2016 EV84, 26.7, 0.8654540775278605, 0.1787131495445837, 13.6169577699883, 2457459.8845066, 155.39575, 6.032889, r.MP9602 
1909613o13.flt, 2016 EV84, 26.7, 0.865454129661525, 0.1787130190181038, 13.61695619098317, 2457459.8857749, 155.382708, 6.030917, r.MP9602 
1909613o22.flt, 2016 EV84, 26.7, 0.865454129661525, 0.1787130190181038, 13.61695619098317, 2457459.8857749, 155.382708, 6.030917, r.MP9602 
1909614o13.flt, 2016 EV84, 26.7, 0.8654542188661583, 0.1787127957544087, 13.61695348346162, 2457459.8879445, 155.360625, 6.027528, i.MP9703 
1909614o22.flt, 2016 EV84, 26.7, 0.8654542188661583, 0.1787127957544087, 13.61695348346162, 2457459.8879445, 155.360625, 6.027528, i.MP9703 
1909615o13.flt, 2016 EV84, 26.7, 0.8654542711293971, 0.1787126649936684, 13.6169518938261, 2457459.8892153, 155.347667, 6.025556, i.MP9703 
1909615o22.flt, 2016 EV84, 26.7, 0.8654542711293971, 0.1787126649936684, 13.6169518938261, 2457459.8892153, 155.347667, 6.025556, i.MP9703 
1916803o13.flt, 2016 FF14, 27.1, 1.754197800434842, 0.4863381603356932, 1.347831790265675, 2457481.0515822, 201.45425, -10.113278, g.MP9402 
1916804o13.flt, 2016 FF14, 27.1, 1.7541975097858, 0.4863380528713619, 1.347831747031789, 2457481.0528474, 201.456333, -10.119417, g.MP9402 
1916805o13.flt, 2016 FF14, 27.1, 1.754197025258568, 0.4863378737285409, 1.347831674797053, 2457481.0549578, 201.459792, -10.12975, r.MP9602 
1916806o13.flt, 2016 FF14, 27.1, 1.754196734883698, 0.4863377663726118, 1.347831631410355, 2457481.0562233, 201.461875, -10.135972, r.MP9602 
1916807o13.flt, 2016 FF14, 27.1, 1.754196038393324, 0.4863375088804328, 1.347831527047883, 2457481.059261, 201.466875, -10.150806, i.MP9703 
1916808o13.flt, 2016 FF14, 27.1, 1.754195748569462, 0.4863374017371359, 1.347831483497664, 2457481.060526, 201.468958, -10.157, i.MP9703 
1916809o13.flt, 2016 FF14, 27.1, 1.754195458621894, 0.486337294550725, 1.347831439856619, 2457481.0617921, 201.471042, -10.163194, i.MP9703 
1917066o13.flt, 2016 GE1, 26.7, 2.104834874215945, 0.5294527253580629, 10.76522661208599, 2457482.9153356, 185.185625, 28.541972, g.MP9402 
1917067o13.flt, 2016 GE1, 26.7, 2.104842014786149, 0.5294544232880378, 10.76525091548913, 2457482.9166056, 185.196958, 28.52375, g.MP9402 
1917068o13.flt, 2016 GE1, 26.7, 2.104858715842953, 0.5294583949762303, 10.76530776587927, 2457482.9195703, 185.22375, 28.48075, r.MP9602 
1917069o13.flt, 2016 GE1, 26.7, 2.104865879362203, 0.5294600987115098, 10.76533215361505, 2457482.9208395, 185.235042, 28.462528, r.MP9602 
1917070o13.flt, 2016 GE1, 26.7, 2.104873049981819, 0.5294618042407788, 10.76535656740618, 2457482.9221085, 185.2465, 28.444139, r.MP9602 
1917071o13.flt, 2016 GE1, 26.7, 2.104885371676161, 0.5294647351979804, 10.76539852346231, 2457482.9242857, 185.266, 28.412722, i.MP9703 
1917072o13.flt, 2016 GE1, 26.7, 2.104892561268953, 0.5294664455284277, 10.7654230070127, 2457482.9255541, 185.277333, 28.3945, i.MP9703 
1917123o13.flt, 2016 GG1, 26.6, 1.612136010318004, 0.3612448215326098, 6.213317172279685, 2457482.9934427, 195.468917, 11.137028, g.MP9402 
1917123o22.flt, 2016 GG1, 26.6, 1.612136010318004, 0.3612448215326098, 6.213317172279685, 2457482.9934427, 195.468917, 11.137028, g.MP9402 
1917124o13.flt, 2016 GG1, 26.6, 1.612136021456939, 0.3612448230056986, 6.213316260463679, 2457482.9947088, 195.475458, 11.141667, g.MP9402 
1917124o22.flt, 2016 GG1, 26.6, 1.612136021456939, 0.3612448230056986, 6.213316260463679, 2457482.9947088, 195.475458, 11.141667, g.MP9402 
1917125o13.flt, 2016 GG1, 26.6, 1.612136047575433, 0.3612448264199713, 6.213314110178811, 2457482.9976936, 195.490875, 11.152722, r.MP9602 
1917125o22.flt, 2016 GG1, 26.6, 1.612136047575433, 0.3612448264199713, 6.213314110178811, 2457482.9976936, 195.490875, 11.152722, r.MP9602 
1917126o13.flt, 2016 GG1, 26.6, 1.612136058598004, 0.3612448278438843, 6.213313197479844, 2457482.9989601, 195.497458, 11.157444, r.MP9602 
1917126o22.flt, 2016 GG1, 26.6, 1.612136058598004, 0.3612448278438843, 6.213313197479844, 2457482.9989601, 195.497458, 11.157444, r.MP9602 
1917127o13.flt, 2016 GG1, 26.6, 1.612136084382285, 0.3612448311346399, 6.213311050119417, 2457483.0019389, 195.512917, 11.1685, i.MP9703 
1917127o22.flt, 2016 GG1, 26.6, 1.612136084382285, 0.3612448311346399, 6.213311050119417, 2457483.0019389, 195.512917, 11.1685, i.MP9703 
1917128o13.flt, 2016 GG1, 26.6, 1.612136095270578, 0.3612448325071657, 6.213310138052973, 2457483.0032037, 195.519458, 11.173167, i.MP9703 
1917128o22.flt, 2016 GG1, 26.6, 1.612136095270578, 0.3612448325071657, 6.213310138052973, 2457483.0032037, 195.519458, 11.173167, i.MP9703 
1925389o13.flt, 2016 HD3, 28.0, 0.9130440838193622, 0.2437946737421848, 0.600521663572736, 2457507.9852228, 213.162, -7.033083, g.MP9402 
1925389o22.flt, 2016 HD3, 28.0, 0.9130440838193622, 0.2437946737421848, 0.600521663572736, 2457507.9852228, 213.162, -7.033083, g.MP9402 
1925389o31.flt, 2016 HD3, 28.0, 0.9130440838193622, 0.2437946737421848, 0.600521663572736, 2457507.9852228, 213.162, -7.033083, g.MP9402 
1925390o13.flt, 2016 HD3, 28.0, 0.9130442963399457, 0.2437949303961742, 0.6005243947528304, 2457507.9864887, 213.151208, -7.024167, g.MP9402 
1925390o22.flt, 2016 HD3, 28.0, 0.9130442963399457, 0.2437949303961742, 0.6005243947528304, 2457507.9864887, 213.151208, -7.024167, g.MP9402 
1925390o31.flt, 2016 HD3, 28.0, 0.9130442963399457, 0.2437949303961742, 0.6005243947528304, 2457507.9864887, 213.151208, -7.024167, g.MP9402 
1925391o13.flt, 2016 HD3, 28.0, 0.9130446513767784, 0.2437953585948742, 0.6005289547049814, 2457507.9885997, 213.133208, -7.009417, r.MP9602 
1925391o22.flt, 2016 HD3, 28.0, 0.9130446513767784, 0.2437953585948742, 0.6005289547049814, 2457507.9885997, 213.133208, -7.009417, r.MP9602 
1925391o31.flt, 2016 HD3, 28.0, 0.9130446513767784, 0.2437953585948742, 0.6005289547049814, 2457507.9885997, 213.133208, -7.009417, r.MP9602 
1925392o13.flt, 2016 HD3, 28.0, 0.9130448660650081, 0.2437956171799872, 0.600531710406258, 2457507.9898739, 213.122333, -7.0005, r.MP9602 
1925392o22.flt, 2016 HD3, 28.0, 0.9130448660650081, 0.2437956171799872, 0.600531710406258, 2457507.9898739, 213.122333, -7.0005, r.MP9602 
1925392o31.flt, 2016 HD3, 28.0, 0.9130448660650081, 0.2437956171799872, 0.600531710406258, 2457507.9898739, 213.122333, -7.0005, r.MP9602 
1925393o13.flt, 2016 HD3, 28.0, 0.9130452333728366, 0.2437960589917795, 0.6005364221978077, 2457507.9920499, 213.103833, -6.985278, i.MP9703 
1925393o22.flt, 2016 HD3, 28.0, 0.9130452333728366, 0.2437960589917795, 0.6005364221978077, 2457507.9920499, 213.103833, -6.985278, i.MP9703 
1925393o31.flt, 2016 HD3, 28.0, 0.9130452333728366, 0.2437960589917795, 0.6005364221978077, 2457507.9920499, 213.103833, -6.985278, i.MP9703 
1925394o13.flt, 2016 HD3, 28.0, 0.9130454475680799, 0.243796316285936, 0.600539168184467, 2457507.9933165, 213.093083, -6.976417, i.MP9703 
1925394o22.flt, 2016 HD3, 28.0, 0.9130454475680799, 0.243796316285936, 0.600539168184467, 2457507.9933165, 213.093083, -6.976417, i.MP9703 
1925394o31.flt, 2016 HD3, 28.0, 0.9130454475680799, 0.243796316285936, 0.600539168184467, 2457507.9933165, 213.093083, -6.976417, i.MP9703 
1926408o04.flt, 2016 JB, 27.1, 0.9082826622924733, 0.1434875308084844, 9.69382316631174, 2457512.8415293, 216.105125, 7.436778, g.MP9402 
1926408o13.flt, 2016 JB, 27.1, 0.9082826622924733, 0.1434875308084844, 9.69382316631174, 2457512.8415293, 216.105125, 7.436778, g.MP9402 
1926409o04.flt, 2016 JB, 27.1, 0.9082828617847951, 0.1434876312533491, 9.693809107378028, 2457512.8427943, 216.1, 7.453833, g.MP9402 
1926409o13.flt, 2016 JB, 27.1, 0.9082828617847951, 0.1434876312533491, 9.693809107378028, 2457512.8427943, 216.1, 7.453833, g.MP9402 
1926410o04.flt, 2016 JB, 27.1, 0.9082831947795424, 0.1434877984588041, 9.693785628050025, 2457512.8449043, 216.091458, 7.482472, r.MP9602 
1926410o13.flt, 2016 JB, 27.1, 0.9082831947795424, 0.1434877984588041, 9.693785628050025, 2457512.8449043, 216.091458, 7.482472, r.MP9602 
1926411o04.flt, 2016 JB, 27.1, 0.90828339469158, 0.1434878985651674, 9.693771525132632, 2457512.8461701, 216.086208, 7.49975, r.MP9602 
1926411o13.flt, 2016 JB, 27.1, 0.90828339469158, 0.1434878985651674, 9.693771525132632, 2457512.8461701, 216.086208, 7.49975, r.MP9602 
1926412o04.flt, 2016 JB, 27.1, 0.9082837388801532, 0.1434880704364693, 9.693747231512104, 2457512.8483478, 216.077375, 7.529306, i.MP9703 
1926412o13.flt, 2016 JB, 27.1, 0.9082837388801532, 0.1434880704364693, 9.693747231512104, 2457512.8483478, 216.077375, 7.529306, i.MP9703 
1926413o04.flt, 2016 JB, 27.1, 0.9082839389960736, 0.1434881700850982, 9.693733099540278, 2457512.849613, 216.072167, 7.546472, i.MP9703 
1926413o13.flt, 2016 JB, 27.1, 0.9082839389960736, 0.1434881700850982, 9.693733099540278, 2457512.849613, 216.072167, 7.546472, i.MP9703 
1938057o04.flt, 2016 LT1, 29.0, 1.40458924592276, 0.3194746868354508, 4.180520643690795, 2457545.816412, 237.328208, -2.421694, g.MP9402 
1938057o13.flt, 2016 LT1, 29.0, 1.40458924592276, 0.3194746868354508, 4.180520643690795, 2457545.816412, 237.328208, -2.421694, g.MP9402 
1938057o22.flt, 2016 LT1, 29.0, 1.40458924592276, 0.3194746868354508, 4.180520643690795, 2457545.816412, 237.328208, -2.421694, g.MP9402 
1938058o04.flt, 2016 LT1, 29.0, 1.404592722484231, 0.3194767501257534, 4.180543269319775, 2457545.817677, 237.332417, -2.4295, g.MP9402 
1938058o13.flt, 2016 LT1, 29.0, 1.404592722484231, 0.3194767501257534, 4.180543269319775, 2457545.817677, 237.332417, -2.4295, g.MP9402 
1938058o22.flt, 2016 LT1, 29.0, 1.404592722484231, 0.3194767501257534, 4.180543269319775, 2457545.817677, 237.332417, -2.4295, g.MP9402 
1938059o04.flt, 2016 LT1, 29.0, 1.404598560009221, 0.3194802148883302, 4.180581264488001, 2457545.819797, 237.339417, -2.442528, r.MP9602 
1938059o13.flt, 2016 LT1, 29.0, 1.404598560009221, 0.3194802148883302, 4.180581264488001, 2457545.819797, 237.339417, -2.442528, r.MP9602 
1938059o22.flt, 2016 LT1, 29.0, 1.404598560009221, 0.3194802148883302, 4.180581264488001, 2457545.819797, 237.339417, -2.442528, r.MP9602 
1938060o04.flt, 2016 LT1, 29.0, 1.404602051601786, 0.3194822874271799, 4.180603993062188, 2457545.8210626, 237.343542, -2.450278, r.MP9602 
1938060o13.flt, 2016 LT1, 29.0, 1.404602051601786, 0.3194822874271799, 4.180603993062188, 2457545.8210626, 237.343542, -2.450278, r.MP9602 
1938060o22.flt, 2016 LT1, 29.0, 1.404602051601786, 0.3194822874271799, 4.180603993062188, 2457545.8210626, 237.343542, -2.450278, r.MP9602 
1938061o04.flt, 2016 LT1, 29.0, 1.404608029230279, 0.3194858359123349, 4.180642908989342, 2457545.8232251, 237.350708, -2.463583, i.MP9703 
1938061o13.flt, 2016 LT1, 29.0, 1.404608029230279, 0.3194858359123349, 4.180642908989342, 2457545.8232251, 237.350708, -2.463583, i.MP9703 
1938061o22.flt, 2016 LT1, 29.0, 1.404608029230279, 0.3194858359123349, 4.180642908989342, 2457545.8232251, 237.350708, -2.463583, i.MP9703 
1938062o04.flt, 2016 LT1, 29.0, 1.404611535281436, 0.3194879173689502, 4.180665736927252, 2457545.824491, 237.354875, -2.471333, i.MP9703 
1938062o13.flt, 2016 LT1, 29.0, 1.404611535281436, 0.3194879173689502, 4.180665736927252, 2457545.824491, 237.354875, -2.471333, i.MP9703 
1938062o22.flt, 2016 LT1, 29.0, 1.404611535281436, 0.3194879173689502, 4.180665736927252, 2457545.824491, 237.354875, -2.471333, i.MP9703 
1938231o04.flt, 2016 LT1, 29.0, 1.411028223784627, 0.3237096872412613, 4.229375584327601, 2457546.8702305, 253.45375, -10.468806, g.MP9402 
1938231o13.flt, 2016 LT1, 29.0, 1.411028223784627, 0.3237096872412613, 4.229375584327601, 2457546.8702305, 253.45375, -10.468806, g.MP9402 
1938231o22.flt, 2016 LT1, 29.0, 1.411028223784627, 0.3237096872412613, 4.229375584327601, 2457546.8702305, 253.45375, -10.468806, g.MP9402 
1938232o04.flt, 2016 LT1, 29.0, 1.411042663764237, 0.3237211911656881, 4.229519322241918, 2457546.871496, 253.501, -10.485361, g.MP9402 
1938232o13.flt, 2016 LT1, 29.0, 1.411042663764237, 0.3237211911656881, 4.229519322241918, 2457546.871496, 253.501, -10.485361, g.MP9402 
1938232o22.flt, 2016 LT1, 29.0, 1.411042663764237, 0.3237211911656881, 4.229519322241918, 2457546.871496, 253.501, -10.485361, g.MP9402 
1938233o04.flt, 2016 LT1, 29.0, 1.41106657002419, 0.3237402852545884, 4.229758117488831, 2457546.87359, 253.57875, -10.512611, r.MP9602 
1938233o13.flt, 2016 LT1, 29.0, 1.41106657002419, 0.3237402852545884, 4.229758117488831, 2457546.87359, 253.57875, -10.512611, r.MP9602 
1938233o22.flt, 2016 LT1, 29.0, 1.41106657002419, 0.3237402852545884, 4.229758117488831, 2457546.87359, 253.57875, -10.512611, r.MP9602 
1938234o04.flt, 2016 LT1, 29.0, 1.411081058995334, 0.3237518876454951, 4.22990335523924, 2457546.8748585, 253.625583, -10.529028, r.MP9602 
1938234o13.flt, 2016 LT1, 29.0, 1.411081058995334, 0.3237518876454951, 4.22990335523924, 2457546.8748585, 253.625583, -10.529028, r.MP9602 
1938234o22.flt, 2016 LT1, 29.0, 1.411081058995334, 0.3237518876454951, 4.22990335523924, 2457546.8748585, 253.625583, -10.529028, r.MP9602 
1938235o04.flt, 2016 LT1, 29.0, 1.411105941810822, 0.3237718668424581, 4.230153695272192, 2457546.877036, 253.706333, -10.557333, i.MP9703 
1938235o13.flt, 2016 LT1, 29.0, 1.411105941810822, 0.3237718668424581, 4.230153695272192, 2457546.877036, 253.706333, -10.557333, i.MP9703 
1938235o22.flt, 2016 LT1, 29.0, 1.411105941810822, 0.3237718668424581, 4.230153695272192, 2457546.877036, 253.706333, -10.557333, i.MP9703 
1938236o04.flt, 2016 LT1, 29.0, 1.411120407632843, 0.3237835135755124, 4.230299771661219, 2457546.8783014, 253.753583, -10.573889, i.MP9703 
1938236o13.flt, 2016 LT1, 29.0, 1.411120407632843, 0.3237835135755124, 4.230299771661219, 2457546.8783014, 253.753583, -10.573889, i.MP9703 
1938236o22.flt, 2016 LT1, 29.0, 1.411120407632843, 0.3237835135755124, 4.230299771661219, 2457546.8783014, 253.753583, -10.573889, i.MP9703 
1943986o04.flt, 2016 NM15, 27.5, 1.231995446673877, 0.1722849672828956, 1.905615343964926, 2457577.8109498, 257.285833, -13.607806, g.MP9402 
1943986o13.flt, 2016 NM15, 27.5, 1.231995446673877, 0.1722849672828956, 1.905615343964926, 2457577.8109498, 257.285833, -13.607806, g.MP9402 
1943986o22.flt, 2016 NM15, 27.5, 1.231995446673877, 0.1722849672828956, 1.905615343964926, 2457577.8109498, 257.285833, -13.607806, g.MP9402 
1943987o04.flt, 2016 NM15, 27.5, 1.231995784739494, 0.1722851188820071, 1.905617322203647, 2457577.8122179, 257.292333, -13.616444, g.MP9402 
1943987o13.flt, 2016 NM15, 27.5, 1.231995784739494, 0.1722851188820071, 1.905617322203647, 2457577.8122179, 257.292333, -13.616444, g.MP9402 
1943987o22.flt, 2016 NM15, 27.5, 1.231995784739494, 0.1722851188820071, 1.905617322203647, 2457577.8122179, 257.292333, -13.616444, g.MP9402 
1943988o04.flt, 2016 NM15, 27.5, 1.231996342827921, 0.1722853690932752, 1.905620587616113, 2457577.8143121, 257.303125, -13.630667, r.MP9602 
1943988o13.flt, 2016 NM15, 27.5, 1.231996342827921, 0.1722853690932752, 1.905620587616113, 2457577.8143121, 257.303125, -13.630667, r.MP9602 
1943988o22.flt, 2016 NM15, 27.5, 1.231996342827921, 0.1722853690932752, 1.905620587616113, 2457577.8143121, 257.303125, -13.630667, r.MP9602 
1943989o04.flt, 2016 NM15, 27.5, 1.231996679867939, 0.1722855201685938, 1.905622559465929, 2457577.8155773, 257.309583, -13.639222, r.MP9602 
1943989o13.flt, 2016 NM15, 27.5, 1.231996679867939, 0.1722855201685938, 1.905622559465929, 2457577.8155773, 257.309583, -13.639222, r.MP9602 
1943989o22.flt, 2016 NM15, 27.5, 1.231996679867939, 0.1722855201685938, 1.905622559465929, 2457577.8155773, 257.309583, -13.639222, r.MP9602 
1943990o04.flt, 2016 NM15, 27.5, 1.231997256227987, 0.1722857784612913, 1.90562593111716, 2457577.8177417, 257.320708, -13.653917, i.MP9703 
1943990o13.flt, 2016 NM15, 27.5, 1.231997256227987, 0.1722857784612913, 1.90562593111716, 2457577.8177417, 257.320708, -13.653917, i.MP9703 
1943990o22.flt, 2016 NM15, 27.5, 1.231997256227987, 0.1722857784612913, 1.90562593111716, 2457577.8177417, 257.320708, -13.653917, i.MP9703 
1943991o04.flt, 2016 NM15, 27.5, 1.231997593143456, 0.1722859294155366, 1.905627901842451, 2457577.8190074, 257.327167, -13.662472, i.MP9703 
1943991o13.flt, 2016 NM15, 27.5, 1.231997593143456, 0.1722859294155366, 1.905627901842451, 2457577.8190074, 257.327167, -13.662472, i.MP9703 
1943991o22.flt, 2016 NM15, 27.5, 1.231997593143456, 0.1722859294155366, 1.905627901842451, 2457577.8190074, 257.327167, -13.662472, i.MP9703 
